City_ID,City,Country,Date,Lat,Lng,Max Temp,Humidity,Cloudiness,Wind Speed
0,Narsaq,GL,2021-09-21 16:44:50,60.9167,-46.05,41.22,40,99,3.22
1,Ust-Barguzin,RU,2021-09-21 16:44:51,53.45,108.9833,42.94,85,87,3.58
2,Gusau,NG,2021-09-21 16:44:51,12.1628,6.6614,86.83,57,49,1.74
3,Zinder,NE,2021-09-21 16:44:51,13.8072,8.9881,98.56,34,20,4.61
4,Peniche,PT,2021-09-21 16:44:52,39.3558,-9.3811,84.15,50,0,18.9
5,Norman Wells,CA,2021-09-21 16:44:52,65.282,-126.8329,42.84,81,90,12.66
6,Barrow,US,2021-09-21 16:40:42,71.2906,-156.7887,32.02,74,90,23.02
7,Chokurdakh,RU,2021-09-21 16:44:53,70.6333,147.9167,29.98,63,100,8.61
8,Tanete,ID,2021-09-21 16:44:53,-3.9443,119.7848,71.74,93,100,3.89
9,Coquimbo,CL,2021-09-21 16:44:54,-29.9533,-71.3436,58.73,67,90,9.22
10,Pundaguitan,PH,2021-09-21 16:44:54,6.3711,126.1689,80.73,77,100,2.15
11,Keflavik,IS,2021-09-21 16:44:55,64.0049,-22.5624,43.23,81,75,29.93
12,Port Elizabeth,ZA,2021-09-21 16:44:56,-33.918,25.5701,59.29,77,0,8.05
13,Hermanus,ZA,2021-09-21 16:44:56,-34.4187,19.2345,57.79,70,39,15.32
14,Castro,BR,2021-09-21 16:44:56,-24.7911,-50.0119,90.43,24,6,9.71
15,Albany,US,2021-09-21 16:41:36,42.6001,-73.9662,73.02,66,100,1.99
16,Bambous Virieux,MU,2021-09-21 16:44:57,-20.3428,57.7575,70.21,68,40,12.66
17,Muros,ES,2021-09-21 16:44:57,42.7762,-9.0603,75.16,54,1,16.58
18,Hilo,US,2021-09-21 16:44:58,19.7297,-155.09,75.27,83,76,4.12
19,Kapaa,US,2021-09-21 16:44:58,22.0752,-159.319,71.47,99,17,13.42
20,Jinxi,CN,2021-09-21 16:44:59,30.4323,116.2922,71.1,84,0,2.46
21,Khor,RU,2021-09-21 16:44:59,47.8861,134.9464,52.74,98,100,11.52
22,Bluff,NZ,2021-09-21 16:45:00,-46.6,168.3333,44.8,73,35,16.02
23,Mount Isa,AU,2021-09-21 16:45:00,-20.7333,139.5,56.97,19,35,17.27
24,Upernavik,GL,2021-09-21 16:45:01,72.7868,-56.1549,23.79,53,12,5.28
25,Georgetown,MY,2021-09-21 16:45:02,5.4112,100.3354,80.89,91,20,3.44
26,San Quintin,MX,2021-09-21 16:45:03,30.4833,-115.95,78.22,57,0,7.54
27,Hithadhoo,MV,2021-09-21 16:45:04,-0.6,73.0833,83.7,74,80,16.15
28,Mezen,RU,2021-09-21 16:45:05,65.8522,44.24,36.46,85,70,3.71
29,Husavik,IS,2021-09-21 16:45:05,66.0449,-17.3389,39.11,92,93,4.97
30,Nuuk,GL,2021-09-21 16:42:52,64.1835,-51.7216,34.29,56,100,3.42
31,Mataura,NZ,2021-09-21 16:45:06,-46.1927,168.8643,44.47,98,38,2.95
32,Shitanjing,CN,2021-09-21 16:45:07,39.2342,106.3439,68.92,24,84,5.12
33,Vaini,TO,2021-09-21 16:45:07,-21.2,-175.2,72.73,70,52,17.02
34,Yellowknife,CA,2021-09-21 16:45:08,62.456,-114.3525,45.12,87,75,18.41
35,Marseille,FR,2021-09-21 16:41:35,43.3333,5.5,73.58,59,53,1.32
36,Hattiesburg,US,2021-09-21 16:44:22,31.3271,-89.2903,88.21,75,40,3.44
37,Cape Town,ZA,2021-09-21 16:41:25,-33.9258,18.4232,63.01,67,0,4.0
38,Mercedes,AR,2021-09-21 16:45:09,-34.6515,-59.4307,63.18,41,0,10.8
39,Northam,GB,2021-09-21 16:45:09,51.0333,-4.2167,66.72,81,97,4.68
40,Nikolskoye,RU,2021-09-21 16:45:10,59.7035,30.7861,46.02,85,100,5.88
41,Lebu,CL,2021-09-21 16:45:10,-37.6167,-73.65,57.07,60,0,10.04
42,Aden,YE,2021-09-21 16:41:06,12.7794,45.0367,87.4,66,49,8.16
43,Sirathu,IN,2021-09-21 16:45:11,25.65,81.3167,82.24,76,85,6.76
44,Rikitea,PF,2021-09-21 16:45:12,-23.1203,-134.9692,73.69,71,0,14.52
45,East London,ZA,2021-09-21 16:45:12,-33.0153,27.9116,59.94,77,0,8.05
46,Koygorodok,RU,2021-09-21 16:45:12,60.445,50.9968,34.99,85,9,4.07
47,Cherskiy,RU,2021-09-21 16:45:13,68.75,161.3,25.92,74,86,3.33
48,Kalmunai,LK,2021-09-21 16:45:13,7.4167,81.8167,82.96,74,46,3.78
49,Mogadishu,SO,2021-09-21 16:45:14,2.0371,45.3438,77.36,82,46,14.2
50,High Level,CA,2021-09-21 16:45:07,58.5169,-117.136,50.11,81,20,3.44
51,Punta Arenas,CL,2021-09-21 16:45:04,-53.15,-70.9167,57.31,58,0,20.71
52,Varkkallai,IN,2021-09-21 16:45:15,8.7341,76.7067,82.18,87,14,8.93
53,San Ramon,US,2021-09-21 16:45:15,37.7799,-121.978,83.44,36,0,3.53
54,Hobart,AU,2021-09-21 16:45:16,-42.8794,147.3294,53.46,79,96,17.27
55,Alugan,PH,2021-09-21 16:45:16,12.2188,125.4808,80.98,82,85,8.21
56,Bang Saphan,TH,2021-09-21 16:45:17,11.2126,99.5117,76.8,86,100,8.12
57,Elko,US,2021-09-21 16:45:17,41.0002,-115.5012,55.63,36,0,5.01
58,Livingston,GB,2021-09-21 16:42:20,55.9029,-3.5226,63.27,74,0,14.97
59,Matay,EG,2021-09-21 16:45:18,28.419,30.7792,92.1,19,0,9.4
60,Ko Samui,TH,2021-09-21 16:45:18,9.5357,99.9357,81.55,76,100,16.69
61,Dukat,RU,2021-09-21 16:45:19,62.55,155.55,32.58,99,100,7.65
62,Kahului,US,2021-09-21 16:45:19,20.8947,-156.47,72.97,96,95,12.1
63,Fuerte Olimpo,PY,2021-09-21 16:45:20,-21.0415,-57.8738,96.3,33,45,11.5
64,Mar Del Plata,AR,2021-09-21 16:45:20,-38.0023,-57.5575,54.9,55,0,8.57
65,Gazanjyk,TM,2021-09-21 16:45:20,39.2446,55.5154,77.92,19,8,8.19
66,Clyde River,CA,2021-09-21 16:41:13,70.4692,-68.5914,32.23,80,90,8.05
67,Dickinson,US,2021-09-21 16:45:21,29.4608,-95.0513,92.14,71,3,1.01
68,Airai,TL,2021-09-21 16:45:22,-8.9266,125.4092,59.29,80,95,3.04
69,Bilibino,RU,2021-09-21 16:45:22,68.0546,166.4372,14.54,89,49,3.96
70,Ribeira Grande,PT,2021-09-21 16:45:23,38.5167,-28.7,73.8,78,20,17.27
71,Beloha,MG,2021-09-21 16:45:24,-25.1667,45.05,68.94,69,23,6.4
72,Levelland,US,2021-09-21 16:45:24,33.5873,-102.378,68.2,30,100,20.45
73,Katsuura,JP,2021-09-21 16:45:25,35.1333,140.3,73.51,89,97,2.93
74,Davila,PH,2021-09-21 16:45:25,18.4726,120.5763,81.61,82,13,4.97
75,Torbay,CA,2021-09-21 16:43:16,47.6666,-52.7314,63.28,51,75,19.57
76,Ushuaia,AR,2021-09-21 16:44:13,-54.8,-68.3,49.66,76,75,14.97
77,Tura,IN,2021-09-21 16:45:26,25.5198,90.2201,73.02,82,100,3.0
78,Chapleau,CA,2021-09-21 16:45:27,47.8405,-83.4034,57.29,88,90,10.36
79,Athni,IN,2021-09-21 16:45:27,16.7333,75.0667,73.38,86,100,12.44
80,Ban Nahin,LA,2021-09-21 16:45:28,18.2418,104.2122,73.76,95,34,2.84
81,Gurupi,BR,2021-09-21 16:45:28,-11.7292,-49.0686,105.51,11,74,6.04
82,Atuona,PF,2021-09-21 16:45:28,-9.8,-139.0333,77.58,75,28,22.7
83,Chuy,UY,2021-09-21 16:45:29,-33.6971,-53.4616,58.14,65,2,15.55
84,Bonfim,BR,2021-09-21 16:45:29,3.0833,-59.95,90.66,51,74,5.53
85,Dikson,RU,2021-09-21 16:45:30,73.5069,80.5464,34.05,74,94,2.53
86,Akyab,MM,2021-09-21 16:45:30,20.15,92.9,80.37,80,98,1.03
87,La Ronge,CA,2021-09-21 16:45:31,55.1001,-105.2842,52.05,66,75,4.61
88,Puerto Ayora,EC,2021-09-21 16:45:32,-0.7393,-90.3518,73.54,76,83,7.0
89,Adrar,MR,2021-09-21 16:45:32,20.5022,-10.0711,102.34,13,1,18.19
90,Gewane,ET,2021-09-21 16:45:32,10.1664,40.6453,90.81,34,71,7.7
91,Tuktoyaktuk,CA,2021-09-21 16:45:33,69.4541,-133.0374,35.6,69,90,11.5
92,Valley City,US,2021-09-21 16:45:04,46.9233,-98.0032,61.54,67,1,5.75
93,Bengkulu,ID,2021-09-21 16:45:34,-3.8004,102.2655,75.7,90,97,4.29
94,Pitimbu,BR,2021-09-21 16:45:34,-7.4706,-34.8086,88.39,64,11,9.86
95,Saskylakh,RU,2021-09-21 16:45:35,71.9167,114.0833,32.94,93,100,6.26
96,Awjilah,LY,2021-09-21 16:45:35,29.1081,21.2869,94.78,13,0,9.13
97,Tasiilaq,GL,2021-09-21 16:45:35,65.6145,-37.6368,30.36,55,100,6.11
98,Waipawa,NZ,2021-09-21 16:45:36,-41.4122,175.5153,54.45,80,100,4.65
99,Saldanha,ZA,2021-09-21 16:45:36,-33.0117,17.9442,64.45,73,0,13.47
100,Camopi,GF,2021-09-21 16:45:37,3.1655,-52.3158,89.96,51,92,6.11
101,Sainte-Anne-Des-Monts,CA,2021-09-21 16:45:37,49.124,-66.4924,60.67,72,78,1.14
102,Bredasdorp,ZA,2021-09-21 16:45:38,-34.5322,20.0403,58.32,51,28,10.36
103,Buala,SB,2021-09-21 16:45:38,-8.145,159.5921,79.02,84,75,5.57
104,Soubre,CI,2021-09-21 16:45:39,5.7856,-6.6083,78.85,83,71,5.5
105,Qaanaaq,GL,2021-09-21 16:45:39,77.484,-69.3632,14.11,71,53,8.55
106,Maine-Soroa,NE,2021-09-21 16:45:41,13.2114,12.0241,96.39,27,28,7.09
107,Mecca,SA,2021-09-21 16:45:41,21.4267,39.8261,97.68,26,95,4.56
108,Thaba Nchu,ZA,2021-09-21 16:45:41,-29.2093,26.839,64.18,12,21,8.72
109,Whitehorse,CA,2021-09-21 16:45:42,60.7161,-135.0538,43.57,87,90,17.27
110,Busselton,AU,2021-09-21 16:45:42,-33.65,115.3333,51.08,72,0,4.47
111,Sale,MA,2021-09-21 16:45:43,34.0389,-6.8166,80.62,73,75,5.75
112,Kavaratti,IN,2021-09-21 16:45:44,10.5669,72.642,81.88,79,12,15.14
113,San Patricio,US,2021-09-21 16:45:44,28.017,-97.5169,93.29,48,0,5.86
114,Khatanga,RU,2021-09-21 16:45:44,71.9667,102.5,30.24,95,100,10.04
115,Constitucion,CL,2021-09-21 16:45:45,-35.3333,-72.4167,59.29,64,0,9.86
116,Lavrentiya,RU,2021-09-21 16:45:45,65.5833,-171.0,31.17,67,93,7.14
117,Faanui,PF,2021-09-21 16:45:46,-16.4833,-151.75,78.19,72,5,8.95
118,Oia,PT,2021-09-21 16:45:46,40.5426,-8.5386,78.46,60,0,9.66
119,Scarborough,GB,2021-09-21 16:45:47,54.2797,-0.4044,69.53,55,81,1.01
120,Bubaque,GW,2021-09-21 16:45:47,11.2833,-15.8333,82.04,77,49,7.38
121,Baker City,US,2021-09-21 16:45:48,44.7749,-117.8344,54.93,34,3,6.13
122,New Norfolk,AU,2021-09-21 16:45:48,-42.7826,147.0587,53.1,71,100,1.99
123,Solnechnyy,RU,2021-09-21 16:45:49,50.7214,136.6319,46.08,94,94,5.41
124,Sumbe,AO,2021-09-21 16:45:49,-11.2061,13.8437,72.55,85,37,7.47
125,Gazli,UZ,2021-09-21 16:45:50,40.1333,63.45,71.87,9,0,10.76
126,Araouane,ML,2021-09-21 16:45:50,18.9048,-3.5265,106.09,10,4,5.23
127,Port Townsend,US,2021-09-21 16:45:51,48.117,-122.7605,62.65,78,1,1.99
128,Semnan,IR,2021-09-21 16:45:51,35.5729,53.3971,79.79,18,0,3.04
129,Beringovskiy,RU,2021-09-21 16:45:52,63.05,179.3167,38.57,92,100,9.42
130,Healesville,AU,2021-09-21 16:45:52,-37.65,145.5167,52.23,99,100,0.83
131,Port Hedland,AU,2021-09-21 16:45:53,-20.3167,118.5667,86.05,12,75,14.97
132,Nancha,CN,2021-09-21 16:45:53,47.1333,129.2667,53.26,99,100,3.24
133,Buraydah,SA,2021-09-21 16:42:11,26.326,43.975,95.45,13,0,12.39
134,Bethel,US,2021-09-21 16:45:54,41.3712,-73.414,74.48,74,40,7.49
135,Provideniya,RU,2021-09-21 16:45:55,64.3833,-173.3,32.97,88,100,11.95
136,Yumen,CN,2021-09-21 16:45:55,40.2833,97.2,67.28,24,99,7.09
137,Brae,GB,2021-09-21 16:45:55,60.3964,-1.353,57.11,87,100,28.21
138,Shuangyang,CN,2021-09-21 16:45:56,43.5242,125.6736,60.76,90,90,16.89
139,Hasaki,JP,2021-09-21 16:45:56,35.7333,140.8333,68.4,87,77,2.64
140,Codrington,AU,2021-09-21 16:45:57,-38.2667,141.9667,51.22,92,97,9.82
141,Saint-Philippe,RE,2021-09-21 16:45:57,-21.3585,55.7679,67.59,73,40,11.7
142,General Roca,AR,2021-09-21 16:45:58,-39.0333,-67.5833,66.6,21,0,21.0
143,Luderitz,NA,2021-09-21 16:45:58,-26.6481,15.1594,66.45,50,4,10.0
144,Souillac,MU,2021-09-21 16:45:59,-20.5167,57.5167,70.36,68,40,12.66
145,Podgornoye,RU,2021-09-21 16:45:59,51.735,39.1496,52.02,87,75,6.71
146,Avarua,CK,2021-09-21 16:46:00,-21.2078,-159.775,71.65,94,100,5.75
147,San Cristobal,VE,2021-09-21 16:46:00,7.7669,-72.225,73.58,56,96,7.0
148,Lompoc,US,2021-09-21 16:46:01,34.6391,-120.4579,81.93,72,20,1.01
149,Mehamn,NO,2021-09-21 16:46:01,71.0357,27.8492,44.78,64,30,20.83
150,Wenzhou,CN,2021-09-21 16:46:01,27.9994,120.6668,75.54,94,2,2.95
151,Port Alfred,ZA,2021-09-21 16:46:02,-33.5906,26.891,59.18,69,98,5.44
152,Cidreira,BR,2021-09-21 16:46:03,-30.1811,-50.2056,62.22,71,99,19.39
153,Yulara,AU,2021-09-21 16:46:03,-25.2406,130.9889,53.44,30,70,8.05
154,Tiksi,RU,2021-09-21 16:46:03,71.6872,128.8694,32.27,72,100,4.81
155,Sao Joao Da Barra,BR,2021-09-21 16:46:04,-21.6403,-41.0511,81.21,66,0,10.85
156,Butaritari,KI,2021-09-21 16:46:04,3.0707,172.7902,82.54,69,90,15.95
157,Okhotsk,RU,2021-09-21 16:46:05,59.3833,143.3,45.75,61,92,7.94
158,Ancud,CL,2021-09-21 16:46:05,-41.8697,-73.8203,56.73,60,0,3.2
159,Alagoinha,BR,2021-09-21 16:46:07,-6.95,-35.545,93.79,33,8,15.21
160,Shubarkuduk,KZ,2021-09-21 16:41:18,49.1447,56.4872,56.68,28,98,9.17
161,Ilulissat,GL,2021-09-21 16:46:08,69.2167,-51.1,27.93,85,98,1.14
162,Dalen,NL,2021-09-21 16:46:08,52.6992,6.7556,63.05,78,100,5.99
163,Cam Ranh,VN,2021-09-21 16:46:09,11.9214,109.1591,80.56,78,40,3.44
164,Iguape,BR,2021-09-21 16:46:09,-24.7081,-47.5553,70.45,81,54,16.96
165,Cubuk,TR,2021-09-21 16:46:09,40.2386,33.0322,69.26,49,40,9.22
166,Indianola,US,2021-09-21 16:46:10,41.3581,-93.5574,69.46,56,28,15.7
167,Aksu,CN,2021-09-21 16:46:10,41.1231,80.2644,75.16,19,0,4.72
168,Kiama,AU,2021-09-21 16:46:11,-34.6833,150.8667,50.0,72,46,10.78
169,Sept-Iles,CA,2021-09-21 16:46:12,50.2001,-66.3821,61.32,75,75,5.01
170,Moranbah,AU,2021-09-21 16:46:12,-22.0016,148.0466,51.55,27,1,19.6
171,Hualmay,PE,2021-09-21 16:46:13,-11.0964,-77.6139,67.08,70,25,11.12
172,Roura,GF,2021-09-21 16:46:14,4.7263,-52.3274,91.31,58,20,9.22
173,Neuquen,AR,2021-09-21 16:46:15,-38.9516,-68.0591,66.09,32,0,20.71
174,Winneba,GH,2021-09-21 16:46:15,5.3511,-0.6231,82.87,83,34,14.34
175,Vardo,NO,2021-09-21 16:46:16,70.3705,31.1107,43.0,65,9,24.9
176,Severo-Kurilsk,RU,2021-09-21 16:46:16,50.6789,156.125,48.54,86,65,14.81
177,Ulladulla,AU,2021-09-21 16:46:17,-35.35,150.4667,47.88,60,57,5.93
178,Khovu-Aksy,RU,2021-09-21 16:46:17,51.1333,93.6,33.91,85,93,4.97
179,Kodiak,US,2021-09-21 16:46:18,57.79,-152.4072,42.31,36,1,23.02
180,Isla Vista,US,2021-09-21 16:46:18,34.4133,-119.861,97.12,43,0,3.49
181,Sitka,US,2021-09-21 16:46:19,57.0531,-135.33,55.29,82,90,14.97
182,Jayanca,PE,2021-09-21 16:46:19,-6.3908,-79.8219,69.4,48,31,11.16
183,Kilindoni,TZ,2021-09-21 16:46:20,-7.9139,39.6668,76.57,79,0,12.37
184,Hami,CN,2021-09-21 16:46:20,42.8,93.45,71.02,24,18,4.32
185,Dudinka,RU,2021-09-21 16:46:21,69.4058,86.1778,31.82,85,87,17.81
186,Nouadhibou,MR,2021-09-21 16:46:21,20.931,-17.0347,78.78,65,4,19.57
187,Margate,GB,2021-09-21 16:46:21,51.3813,1.3862,69.85,68,46,8.21
188,Murgab,TM,2021-09-21 16:46:22,37.4966,61.9714,73.27,35,0,4.61
189,Lima,PE,2021-09-21 16:42:57,-12.0432,-77.0282,64.13,100,48,10.51
190,Tezu,IN,2021-09-21 16:46:23,27.9167,96.1667,73.31,96,53,4.38
191,Upington,ZA,2021-09-21 16:46:23,-28.4478,21.2561,77.38,9,0,3.44
192,Talcahuano,CL,2021-09-21 16:46:23,-36.7167,-73.1167,55.08,82,75,19.57
193,Kisangani,CD,2021-09-21 16:46:24,0.5167,25.2,72.79,88,97,1.32
194,Beaverlodge,CA,2021-09-21 16:43:18,55.2166,-119.4361,54.75,53,100,18.57
195,West Wendover,US,2021-09-21 16:46:25,40.7391,-114.0733,59.2,30,0,3.89
196,Gat,IL,2021-09-21 16:46:25,31.61,34.7642,83.39,100,0,8.79
197,Cayenne,GF,2021-09-21 16:46:25,4.9333,-52.3333,91.44,76,20,7.0
198,Karratha,AU,2021-09-21 16:46:26,-20.7377,116.8463,82.38,28,95,14.38
199,Ivangorod,RU,2021-09-21 16:46:27,59.3716,28.2162,43.2,79,100,2.59
200,Hobyo,SO,2021-09-21 16:46:28,5.3505,48.5268,78.13,76,84,24.11
201,Thompson,CA,2021-09-21 16:42:16,55.7435,-97.8558,41.16,75,75,2.3
202,Iberia,US,2021-09-21 16:46:28,29.9502,-91.7507,89.04,66,0,1.95
203,Qunduz,AF,2021-09-21 16:46:29,36.729,68.857,74.25,20,0,2.73
204,Aguilas,ES,2021-09-21 16:46:29,37.4063,-1.5829,76.33,66,75,21.25
205,Riyadh,SA,2021-09-21 16:46:30,24.6877,46.7219,93.34,12,0,9.86
206,Kaeo,NZ,2021-09-21 16:46:30,-35.1,173.7833,59.32,90,100,11.9
207,Guthrie,US,2021-09-21 16:46:30,35.8789,-97.4253,74.95,48,44,21.18
208,Biak,ID,2021-09-21 16:46:31,-0.9131,122.8766,71.67,86,100,5.66
209,Vitim,RU,2021-09-21 16:46:32,59.4511,112.5578,41.74,94,100,4.74
210,Arraial Do Cabo,BR,2021-09-21 16:46:32,-22.9661,-42.0278,82.36,65,0,14.97
211,Bowen,AU,2021-09-21 16:46:33,-20.0167,148.2333,64.62,32,7,11.05
212,Dafeng,CN,2021-09-21 16:46:34,23.4517,108.5881,80.06,76,32,0.6
213,Senneterre,CA,2021-09-21 16:46:34,48.3835,-77.2328,71.82,78,100,15.99
214,Gizo,SB,2021-09-21 16:46:34,-8.103,156.8419,80.58,76,69,4.94
215,Maturin,VE,2021-09-21 16:46:35,9.75,-63.1767,89.26,57,49,6.42
216,Pangody,RU,2021-09-21 16:46:35,65.85,74.4859,33.71,79,100,12.12
217,Abu Samrah,SY,2021-09-21 16:46:36,35.3029,37.1841,82.92,30,0,11.43
218,Lorengau,PG,2021-09-21 16:46:36,-2.0226,147.2712,80.65,78,99,4.99
219,Los Llanos De Aridane,ES,2021-09-21 16:46:36,28.6585,-17.9182,73.15,82,75,13.8
220,Lanzhou,CN,2021-09-21 16:46:37,36.0564,103.7922,61.88,45,89,3.04
221,Kaitangata,NZ,2021-09-21 16:46:37,-46.2817,169.8464,39.09,91,14,7.16
222,Namibe,AO,2021-09-21 16:46:38,-15.1961,12.1522,64.78,81,5,5.93
223,Djibo,BF,2021-09-21 16:46:38,14.1022,-1.6306,100.17,23,35,4.65
224,Mahebourg,MU,2021-09-21 16:46:39,-20.4081,57.7,70.25,68,40,12.66
225,Sidi Ali,DZ,2021-09-21 16:46:39,36.0998,0.4206,73.53,76,60,26.57
226,Talnakh,RU,2021-09-21 16:46:40,69.4865,88.3972,30.45,87,19,2.17
227,Kruisfontein,ZA,2021-09-21 16:46:40,-34.0033,24.7314,54.88,84,76,2.71
228,Victoria,HK,2021-09-21 16:42:20,22.2855,114.1577,85.32,82,56,6.67
229,Betsiamites,CA,2021-09-21 16:46:41,48.9413,-68.646,63.0,69,78,15.12
230,Vila Franca Do Campo,PT,2021-09-21 16:46:41,37.7167,-25.4333,73.81,67,31,9.24
231,Beaufort,MY,2021-09-21 16:45:59,5.3473,115.7455,75.36,91,100,3.71
232,Trenggalek,ID,2021-09-21 16:46:42,-8.05,111.7167,74.32,91,100,0.76
233,Valleyview,CA,2021-09-21 16:46:42,55.0667,-117.2859,50.04,76,100,12.66
234,Fortuna,US,2021-09-21 16:46:43,40.5982,-124.1573,75.92,53,1,8.01
235,Sabang,ID,2021-09-21 16:44:11,5.8933,95.3214,82.47,78,100,21.18
236,Port Shepstone,ZA,2021-09-21 16:46:44,-30.7414,30.455,63.86,59,24,16.8
237,Rio De Janeiro,BR,2021-09-21 16:42:50,-22.9028,-43.2075,91.62,55,0,13.8
238,Roebourne,AU,2021-09-21 16:46:44,-20.7833,117.1333,82.96,24,90,19.13
239,Tuy Hoa,VN,2021-09-21 16:46:45,13.0833,109.3,76.55,88,79,2.82
240,Novozybkov,RU,2021-09-21 16:46:45,52.5396,31.9275,44.33,97,100,11.32
241,Kaputa,ZM,2021-09-21 16:46:46,-8.4689,29.6619,82.22,31,48,5.79
242,Vostok,RU,2021-09-21 16:46:46,46.4856,135.8833,49.37,98,100,4.0
243,Soure,BR,2021-09-21 16:46:47,-0.7167,-48.5233,84.88,66,66,13.0
244,Chicama,PE,2021-09-21 16:46:47,-7.8447,-79.1469,61.34,60,39,11.54
245,Port Lincoln,AU,2021-09-21 16:46:48,-34.7333,135.8667,51.44,85,89,6.42
246,Alofi,NU,2021-09-21 16:46:48,-19.0595,-169.9187,71.49,100,18,5.75
247,Srednekolymsk,RU,2021-09-21 16:46:49,67.45,153.6833,27.66,65,69,4.81
248,Danshui,CN,2021-09-21 16:46:50,22.7984,114.4672,85.01,83,12,2.68
249,Carnarvon,AU,2021-09-21 16:46:51,-24.8667,113.6333,64.47,77,0,8.05
250,Petropavl,KZ,2021-09-21 16:46:51,54.8753,69.1628,38.68,68,97,5.93
251,Wonthaggi,AU,2021-09-21 16:46:52,-38.6044,145.5913,52.05,92,84,12.66
252,Sampit,ID,2021-09-21 16:46:52,-2.5333,112.95,72.64,99,100,2.8
253,Armizonskoye,RU,2021-09-21 16:46:52,55.9461,67.6736,34.23,78,69,3.69
254,Copiapo,CL,2021-09-21 16:46:53,-27.3667,-70.3333,55.09,39,97,6.38
255,Terenos,BR,2021-09-21 16:46:35,-20.4422,-54.8603,103.8,10,15,9.93
256,Pevek,RU,2021-09-21 16:46:54,69.7008,170.3133,25.65,91,91,6.33
257,Touros,BR,2021-09-21 16:46:54,-5.1989,-35.4608,84.97,57,45,14.72
258,Parkes,AU,2021-09-21 16:46:54,-33.1333,148.1833,32.29,93,0,4.68
259,Sung Noen,TH,2021-09-21 16:46:56,14.8992,101.8207,73.98,96,100,3.87
260,Ahar,IR,2021-09-21 16:46:57,38.4774,47.0699,65.5,46,2,5.32
261,Dingle,PH,2021-09-21 16:46:58,10.9995,122.6711,75.34,90,100,1.9
262,Portland,US,2021-09-21 16:45:04,45.5234,-122.6762,69.85,64,1,1.01
263,Fare,PF,2021-09-21 16:46:59,-16.7,-151.0167,78.12,70,0,7.47
264,Sisimiut,GL,2021-09-21 16:46:59,66.9395,-53.6735,35.33,68,83,10.25
265,Cozumel,MX,2021-09-21 16:47:00,20.5083,-86.9458,90.0,82,66,5.99
266,Baripada,IN,2021-09-21 16:47:01,21.935,86.7214,76.57,97,100,3.71
267,Guozhen,CN,2021-09-21 16:47:01,34.3659,107.359,71.1,68,10,3.67
268,Viedma,AR,2021-09-21 16:47:01,-40.8135,-62.9967,71.69,17,0,10.83
269,Grindavik,IS,2021-09-21 16:47:03,63.8424,-22.4338,43.27,81,75,29.93
270,Rocha,UY,2021-09-21 16:46:26,-34.4833,-54.3333,56.91,65,1,15.21
271,Albacete,ES,2021-09-21 16:47:04,38.8333,-2.0,65.21,59,20,13.8
272,Kudat,MY,2021-09-21 16:47:04,6.8837,116.8477,75.13,94,40,0.0
273,Sulangan,PH,2021-09-21 16:47:05,11.1373,123.7228,82.76,72,98,3.36
274,Kuala Lipis,MY,2021-09-21 16:47:05,4.1842,102.0468,74.79,94,99,0.76
275,Aquiraz,BR,2021-09-21 16:47:06,-3.9014,-38.3911,85.24,54,44,14.58
276,Jamestown,US,2021-09-21 16:43:17,42.097,-79.2353,74.3,67,100,5.01
277,Nhulunbuy,AU,2021-09-21 16:47:06,-12.2333,136.7667,81.21,50,34,18.41
278,Atambua,ID,2021-09-21 16:47:07,-9.1061,124.8925,72.43,85,92,5.37
279,Lasa,IT,2021-09-21 16:47:07,46.6166,10.7002,70.68,74,6,1.59
280,Fenoarivo,MG,2021-09-21 16:47:08,-18.933,47.4354,60.87,77,75,10.36
281,Imbituba,BR,2021-09-21 16:44:01,-28.24,-48.6703,64.04,73,100,21.99
282,Salalah,OM,2021-09-21 16:47:08,17.0151,54.0924,80.69,83,75,6.91
283,Cockburn Town,TC,2021-09-21 16:47:09,21.4612,-71.1419,87.76,66,40,13.8
284,Douglas,US,2021-09-21 16:47:09,41.3,-96.167,69.6,54,1,3.0
285,Akdepe,TM,2021-09-21 16:47:10,42.0551,59.3788,69.89,14,81,11.92
286,Mulege,MX,2021-09-21 16:47:11,26.8833,-111.9833,88.59,59,24,7.96
287,Santiago Del Estero,AR,2021-09-21 16:42:38,-27.7951,-64.2615,63.5,56,100,6.6
288,Tarancon,ES,2021-09-21 16:43:01,40.0085,-3.0073,71.65,31,6,11.27
289,Huilong,CN,2021-09-21 16:47:12,31.8111,121.655,75.97,81,0,9.4
290,Guerrero Negro,MX,2021-09-21 16:47:12,27.9769,-114.0611,81.27,48,5,3.89
291,Kamenka,RU,2021-09-21 16:47:12,51.3223,42.7678,54.88,67,97,5.1
292,Calvinia,ZA,2021-09-21 16:47:13,-31.4707,19.776,61.07,15,0,5.95
293,Mondeville,FR,2021-09-21 16:47:13,49.175,-0.3224,65.14,63,0,10.36
294,Emerald,AU,2021-09-21 16:47:14,-23.5333,148.1667,51.94,24,2,5.75
295,Dong Xoai,VN,2021-09-21 16:47:15,11.5333,106.9167,74.61,96,100,3.51
296,Opportunity,US,2021-09-21 16:42:17,47.6499,-117.2399,55.98,75,0,3.69
297,Bauchi,NG,2021-09-21 16:47:15,10.5,10.0,74.37,85,56,17.98
298,Gimli,CA,2021-09-21 16:47:16,50.6336,-96.9907,62.44,51,29,5.75
299,Garissa,KE,2021-09-21 16:45:27,-0.4536,39.6401,83.8,41,66,22.95
300,Havre-Saint-Pierre,CA,2021-09-21 16:47:17,50.2334,-63.5986,66.56,55,1,12.66
301,Paris,FR,2021-09-21 16:46:25,48.8534,2.3488,65.14,67,20,3.0
302,Tarko-Sale,RU,2021-09-21 16:47:17,64.9225,77.785,33.84,79,100,13.82
303,Sao Desiderio,BR,2021-09-21 16:47:18,-12.3633,-44.9733,103.95,12,49,6.73
304,Mahibadhoo,MV,2021-09-21 16:47:18,3.7833,72.9667,83.25,76,10,14.47
305,Houma,US,2021-09-21 16:46:32,29.5958,-90.7195,91.99,69,40,6.91
306,Krasnyy Chikoy,RU,2021-09-21 16:47:19,50.3643,108.7512,45.39,92,100,2.44
307,Richards Bay,ZA,2021-09-21 16:42:53,-28.783,32.0377,64.45,64,95,12.91
308,Arrah,IN,2021-09-21 16:47:19,25.5667,84.6667,80.49,82,43,8.41
309,Esperance,AU,2021-09-21 16:47:20,-33.8667,121.9,53.44,40,0,16.42
310,Arraias,BR,2021-09-21 16:47:21,-12.9288,-46.9437,100.67,13,65,5.55
311,San Andres,CO,2021-09-21 16:47:21,12.5847,-81.7006,87.82,66,40,11.5
312,Ulkan,RU,2021-09-21 16:47:22,57.243,107.3223,36.23,91,70,2.1
313,Ambon,ID,2021-09-21 16:47:23,-3.6954,128.1814,75.34,94,40,6.91
314,Boguchany,RU,2021-09-21 16:47:23,58.3814,97.4531,32.34,96,51,4.5
315,Mount Gambier,AU,2021-09-21 16:47:24,-37.8333,140.7667,48.11,93,90,5.75
316,Bilma,NE,2021-09-21 16:47:24,18.6853,12.9164,95.61,9,3,5.53
317,Boa Vista,BR,2021-09-21 16:47:25,2.8197,-60.6733,91.33,51,75,5.53
318,Klaksvik,FO,2021-09-21 16:47:25,62.2266,-6.589,54.52,92,100,40.29
319,Kozhva,RU,2021-09-21 16:47:26,65.1073,57.0459,39.69,94,100,6.96
320,Caravelas,BR,2021-09-21 16:47:26,-17.7125,-39.2481,82.49,62,4,12.73
321,Tomatlan,MX,2021-09-21 16:47:27,19.9333,-105.25,86.04,62,80,2.86
322,Tautira,PF,2021-09-21 16:47:27,-17.7333,-149.15,73.42,75,16,9.93
323,Jambi,ID,2021-09-21 16:47:27,-1.6,103.6167,74.28,93,32,0.38
324,Hirtshals,DK,2021-09-21 16:47:29,57.5881,9.9592,57.85,70,100,19.3
325,Ponta Do Sol,PT,2021-09-21 16:47:29,32.6667,-17.1,77.13,67,71,2.28
326,El Alto,PE,2021-09-21 16:47:30,-4.2714,-81.2147,73.06,73,39,16.82
327,Port Stanley,FK,2021-09-21 16:47:30,-51.7,-57.85,64.69,64,31,11.77
328,Swan Hill,AU,2021-09-21 16:47:30,-35.3378,143.5544,49.12,80,99,9.93
329,Ostrovnoy,RU,2021-09-21 16:47:31,68.0531,39.5131,38.53,80,15,7.99
330,Praia,CV,2021-09-21 16:47:31,14.9215,-23.5087,82.2,73,32,13.98
331,Irati,BR,2021-09-21 16:47:32,-25.4672,-50.6511,90.66,29,22,5.66
332,Komsomolskiy,UZ,2021-09-21 16:47:32,40.4272,71.7189,70.52,32,0,0.0
333,Abu Dhabi,AE,2021-09-21 16:47:33,24.4667,54.3667,93.22,62,0,10.36
334,Quatre Cocos,MU,2021-09-21 16:47:33,-20.2078,57.7625,70.09,70,39,14.54
335,Maragogi,BR,2021-09-21 16:47:34,-9.0122,-35.2225,80.42,62,19,7.61
336,Saint Anthony,US,2021-09-21 16:47:34,45.0205,-93.218,66.78,65,4,3.0
337,Iqaluit,CA,2021-09-21 16:47:34,63.7506,-68.5145,35.33,80,90,12.66
338,Bratsk,RU,2021-09-21 16:47:35,56.1325,101.6142,39.69,82,81,6.87
339,Mayumba,GA,2021-09-21 16:47:35,-3.432,10.6554,76.15,84,100,7.34
340,Padang,ID,2021-09-21 16:42:45,-0.9492,100.3543,77.65,87,98,4.97
341,Duvan,RU,2021-09-21 16:47:36,55.695,57.9024,38.52,72,23,3.36
342,Naze,JP,2021-09-21 16:47:37,28.3667,129.4833,75.79,76,0,4.09
343,Hambantota,LK,2021-09-21 16:47:37,6.1241,81.1185,80.53,80,15,14.97
344,Karpogory,RU,2021-09-21 16:47:37,64.0019,44.4451,36.68,87,7,4.94
345,Teya,RU,2021-09-21 16:47:38,60.3778,92.6267,34.65,95,100,6.35
346,Concarneau,FR,2021-09-21 16:47:38,47.875,-3.9225,70.09,49,4,11.16
347,Sao Jose Da Tapera,BR,2021-09-21 16:47:39,-9.5583,-37.3811,93.11,27,42,7.43
348,Siirt,TR,2021-09-21 16:47:39,37.9326,41.9403,72.99,23,0,1.43
349,Mayo,US,2021-09-21 16:47:40,38.8876,-76.5119,82.17,72,95,7.0
350,Batticaloa,LK,2021-09-21 16:47:40,7.7102,81.6924,83.52,75,36,4.14
351,Vao,NC,2021-09-21 16:47:41,-22.6667,167.4833,71.65,75,96,15.1
352,Dezhou,CN,2021-09-21 16:47:41,37.4486,116.2925,64.26,91,0,6.98
353,Stephenville Crossing,CA,2021-09-21 16:47:42,48.5,-58.4318,63.21,77,20,20.71
354,Tazovskiy,RU,2021-09-21 16:47:42,67.4667,78.7,34.05,76,100,14.23
355,Ankang,CN,2021-09-21 16:47:42,32.68,109.0172,69.13,86,17,0.92
356,Warri,NG,2021-09-21 16:47:43,5.5167,5.75,73.51,96,100,3.51
357,Oxford,GB,2021-09-21 16:47:43,51.7522,-1.256,70.48,59,0,5.75
358,Ribnitz-Damgarten,DE,2021-09-21 16:47:44,54.25,12.4667,58.14,85,100,16.22
359,Tabuk,PH,2021-09-21 16:47:44,17.4189,121.4443,74.95,92,52,3.78
360,Caruray,PH,2021-09-21 16:47:45,10.3094,119.0128,77.43,87,96,1.86
361,La Baule-Escoublac,FR,2021-09-21 16:47:45,47.2922,-2.364,71.55,50,0,13.8
362,Axim,GH,2021-09-21 16:47:46,4.8699,-2.2405,79.29,81,34,9.4
363,Hargeysa,SO,2021-09-21 16:47:46,9.56,44.065,78.15,49,78,15.43
364,Hamilton,US,2021-09-21 16:43:39,39.1834,-84.5333,72.05,94,90,1.01
365,Carndonagh,IE,2021-09-21 16:47:47,55.25,-7.2667,64.02,80,100,11.34
366,Itarema,BR,2021-09-21 16:47:47,-2.9248,-39.9167,87.46,54,40,18.23
367,Barberton,ZA,2021-09-21 16:47:48,-25.7884,31.0532,59.05,80,100,3.11
368,Straumen,NO,2021-09-21 16:47:48,63.8709,11.2999,53.62,82,100,7.94
369,Saint George,US,2021-09-21 16:47:49,37.1041,-113.5841,73.8,19,0,3.0
370,Nantucket,US,2021-09-21 16:47:49,41.2835,-70.0995,75.04,68,90,13.8
371,Mitsamiouli,KM,2021-09-21 16:47:50,-11.3847,43.2844,79.09,73,20,10.36
372,Haines Junction,CA,2021-09-21 16:47:50,60.7522,-137.5108,37.35,93,100,3.44
373,San Pedro,PH,2021-09-21 16:47:50,14.35,121.0167,81.63,84,40,4.61
374,Longyearbyen,SJ,2021-09-21 16:47:51,78.2186,15.6401,40.84,100,75,4.61
375,Nishihara,JP,2021-09-21 16:47:51,26.1842,127.7558,81.68,89,75,9.22
376,Grand Gaube,MU,2021-09-21 16:47:52,-20.0064,57.6608,70.38,64,8,5.99
377,Port Macquarie,AU,2021-09-21 16:47:52,-31.4333,152.9167,49.96,71,65,18.41
378,Kencong,ID,2021-09-21 16:47:53,-8.2833,113.3667,74.95,90,100,1.54
379,Aklavik,CA,2021-09-21 16:47:53,68.2191,-135.0107,36.32,97,100,14.23
380,Halifax,CA,2021-09-21 16:47:51,44.6453,-63.5724,71.69,52,20,3.0
381,Mamallapuram,IN,2021-09-21 16:47:54,12.6264,80.1722,84.25,71,84,11.92
382,Nokaneng,BW,2021-09-21 16:47:54,-19.6667,22.2667,83.91,14,3,7.0
383,Ahipara,NZ,2021-09-21 16:47:55,-35.1667,173.1667,58.24,89,100,12.5
384,Port Hardy,CA,2021-09-21 16:47:55,50.6996,-127.4199,55.58,88,75,6.91
385,Prnjavor,BA,2021-09-21 16:47:56,44.8703,17.6628,60.06,56,54,2.21
386,Rawah,IQ,2021-09-21 16:47:56,34.4816,41.9093,85.91,21,0,10.65
387,Ekibastuz,KZ,2021-09-21 16:47:57,51.6667,75.3667,43.56,55,100,7.45
388,Meridian,US,2021-09-21 16:44:02,43.6121,-116.3915,60.17,49,1,1.01
389,Scottsbluff,US,2021-09-21 16:44:50,41.8666,-103.6672,57.78,50,1,5.01
390,Gondomar,PT,2021-09-21 16:46:43,41.1445,-8.5322,78.15,43,0,4.0
391,Lyubashivka,UA,2021-09-21 16:47:57,47.8372,30.2598,47.61,70,99,14.65
392,Carutapera,BR,2021-09-21 16:47:58,-1.195,-46.02,87.85,53,51,12.35
393,Tiarei,PF,2021-09-21 16:47:58,-17.5333,-149.3333,73.42,75,3,9.1
394,Krasnoselkup,RU,2021-09-21 16:47:59,65.7,82.4667,29.53,88,96,12.8
395,Sorland,NO,2021-09-21 16:47:59,67.667,12.6934,51.66,86,100,40.15
396,Geraldton,AU,2021-09-21 16:48:00,-28.7667,114.6,52.21,62,0,10.36
397,Hay River,CA,2021-09-21 16:45:52,60.8156,-115.7999,46.38,87,75,6.91
398,Elban,RU,2021-09-21 16:48:00,50.1018,136.5094,51.08,82,100,10.67
399,Sault Sainte Marie,CA,2021-09-21 16:48:01,46.5168,-84.3333,61.36,77,75,20.71
400,Sakakah,SA,2021-09-21 16:48:02,29.9697,40.2064,94.57,17,0,5.99
401,Havoysund,NO,2021-09-21 16:48:02,70.9963,24.6622,45.48,66,24,25.19
402,Pisco,PE,2021-09-21 16:48:03,-13.7,-76.2167,66.25,72,0,8.05
403,Maceio,BR,2021-09-21 16:46:05,-9.6658,-35.7353,80.26,63,46,9.13
404,Kavieng,PG,2021-09-21 16:48:04,-2.5744,150.7967,81.25,76,100,9.69
405,Forestville,US,2021-09-21 16:48:04,38.8451,-76.875,81.09,71,75,1.01
406,Daru,PG,2021-09-21 16:48:04,-9.0763,143.2092,76.93,90,100,14.03
407,Huanren,CN,2021-09-21 16:48:05,41.2647,125.3667,57.02,96,46,4.25
408,Owensboro,US,2021-09-21 16:43:49,37.7742,-87.1133,82.94,63,97,7.43
409,Merauke,ID,2021-09-21 16:48:06,-8.4667,140.3333,77.18,86,100,14.41
410,Keti Bandar,PK,2021-09-21 16:48:06,24.1447,67.4497,82.06,82,47,18.37
411,Sola,VU,2021-09-21 16:48:07,-13.8833,167.55,78.42,79,59,15.37
412,Krasnoarmeyskoye,RU,2021-09-21 16:48:08,52.7182,50.0322,53.04,45,100,17.25
413,Crestview,US,2021-09-21 16:48:08,30.7621,-86.5705,89.76,74,3,4.0
414,Meiktila,MM,2021-09-21 16:48:09,20.8667,95.8667,75.42,88,99,4.65
415,Alamos,MX,2021-09-21 16:48:09,27.0167,-108.9333,84.11,60,100,5.3
416,Fort Frances,CA,2021-09-21 16:46:29,48.5999,-93.4003,58.15,74,52,1.01
417,Novaya Bryan,RU,2021-09-21 16:48:10,51.7159,108.2691,38.17,95,77,4.38
418,Luanda,AO,2021-09-21 16:48:10,-8.8368,13.2343,72.95,87,12,12.48
419,Ailigandi,PA,2021-09-21 16:48:11,9.2333,-78.0167,83.79,74,100,6.11
420,Victor Harbor,AU,2021-09-21 16:48:11,-35.5667,138.6167,52.92,92,99,8.97
421,Yerbogachen,RU,2021-09-21 16:48:12,61.2767,108.0108,37.81,86,100,6.6
422,Sambava,MG,2021-09-21 16:48:12,-14.2667,50.1667,73.9,72,41,14.9
423,Yabelo,ET,2021-09-21 16:48:13,4.8833,38.0833,67.82,51,92,11.01
424,Russell,US,2021-09-21 16:45:24,32.3502,-85.1999,85.78,75,75,0.0
425,Atasu,KZ,2021-09-21 16:48:13,48.6814,71.6433,40.73,52,12,11.86
426,Raudeberg,NO,2021-09-21 16:48:14,61.9875,5.1352,52.2,92,100,8.99
427,Nanortalik,GL,2021-09-21 16:48:14,60.1432,-45.2371,37.53,74,97,18.95
428,Minab,IR,2021-09-21 16:48:15,27.1467,57.0801,90.9,68,1,0.89
429,Walvis Bay,NA,2021-09-21 16:48:15,-22.9575,14.5053,63.55,63,26,6.91
430,Kijang,KR,2021-09-21 16:48:16,35.2442,129.2139,73.13,90,9,8.93
431,Bure,ET,2021-09-21 16:48:16,10.7,37.0667,57.36,93,81,4.5
432,Charters Towers,AU,2021-09-21 16:48:17,-20.1,146.2667,55.33,18,8,20.0
433,Altay,CN,2021-09-21 16:48:17,47.8667,88.1167,39.6,41,71,2.08
434,Lata,PT,2021-09-21 16:48:18,40.1629,-8.3327,79.36,26,0,9.33
435,Egvekinot,RU,2021-09-21 16:48:18,66.3167,-179.1667,18.37,76,10,5.46
436,Saint-Augustin,CA,2021-09-21 16:48:19,51.226,-58.6502,71.78,49,31,18.1
437,Changli,CN,2021-09-21 16:48:19,39.7042,119.1506,60.13,75,68,3.13
438,Wenceslau Braz,BR,2021-09-21 16:48:20,-23.8739,-49.8028,96.71,16,15,11.63
439,Kichera,RU,2021-09-21 16:48:20,55.9375,110.0997,41.7,84,100,4.61
440,Marawi,PH,2021-09-21 16:48:20,7.9986,124.2928,65.64,91,100,2.64
441,Berlevag,NO,2021-09-21 16:48:21,70.8578,29.0864,42.75,56,0,33.38
442,Sortavala,RU,2021-09-21 16:48:21,61.7053,30.6918,41.99,77,98,8.39
443,Kindu,CD,2021-09-21 16:48:22,-2.95,25.95,77.94,73,92,3.58
444,Khash,IR,2021-09-21 16:48:22,28.2211,61.2158,78.15,13,0,6.15
445,Marystown,CA,2021-09-21 16:48:23,47.1666,-55.1483,60.26,57,48,13.18
446,Harper,LR,2021-09-21 16:48:23,4.375,-7.7169,79.41,82,45,9.57
447,Georgiyevka,KZ,2021-09-21 16:48:24,43.0369,74.7114,55.44,44,0,2.24
448,Tevriz,RU,2021-09-21 16:48:24,57.509,72.4042,37.11,89,100,8.95
449,Tuatapere,NZ,2021-09-21 16:48:24,-46.1333,167.6833,44.82,92,61,3.89
450,Turukhansk,RU,2021-09-21 16:48:25,65.8167,87.9833,38.25,85,100,8.32
451,Bara,NG,2021-09-21 16:48:25,10.3744,10.7288,87.58,80,57,6.8
452,Atbasar,KZ,2021-09-21 16:48:26,51.8,68.3333,37.04,63,22,2.3
453,Chapais,CA,2021-09-21 16:48:27,49.7834,-74.8492,69.58,61,100,17.72
454,Fairbanks,US,2021-09-21 16:48:23,64.8378,-147.7164,32.59,74,90,1.01
455,Mpika,ZM,2021-09-21 16:48:27,-11.8343,31.4529,67.95,30,2,2.42
456,College,US,2021-09-21 16:48:28,64.8569,-147.8028,32.58,74,90,1.01
457,Molde,NO,2021-09-21 16:48:28,62.7375,7.1591,54.97,87,75,6.91
458,Bonavista,CA,2021-09-21 16:48:29,48.6499,-53.1147,66.2,61,45,12.3
459,Panama,PA,2021-09-21 16:48:29,9.0,-80.0,90.68,66,100,5.68
460,Itoman,JP,2021-09-21 16:48:30,26.1247,127.6694,82.42,89,75,9.22
461,Clyde,US,2021-09-21 16:48:30,41.3042,-82.9752,74.55,80,51,20.56
462,Pangnirtung,CA,2021-09-21 16:48:31,66.1451,-65.7125,39.2,45,75,13.8
463,Mangrol,IN,2021-09-21 16:48:31,21.1167,70.1167,81.46,84,100,16.75
464,Sao Filipe,CV,2021-09-21 16:48:32,14.8961,-24.4956,81.59,75,53,10.11
465,Le Port,RE,2021-09-21 16:48:32,-20.9373,55.2919,68.0,71,12,5.19
466,Kampene,CD,2021-09-21 16:48:33,-3.6,26.6667,73.58,83,98,3.04
467,Vestmannaeyjar,IS,2021-09-21 16:48:33,63.4427,-20.2734,46.35,81,98,42.79
468,Tigil,RU,2021-09-21 16:48:33,57.8,158.6667,44.26,92,100,3.67
469,Kawalu,ID,2021-09-21 16:48:34,-7.3817,108.2082,71.87,95,100,1.63
470,Kupang,ID,2021-09-21 16:48:34,-10.1667,123.5833,77.05,82,46,8.61
471,Maniitsoq,GL,2021-09-21 16:48:35,65.4167,-52.9,33.44,62,68,5.95
472,Mandalgovi,MN,2021-09-21 16:48:35,45.7625,106.2708,53.06,59,0,11.72
473,Yarmouth,US,2021-09-21 16:48:36,41.7057,-70.2286,75.96,76,65,3.0
474,Kutum,SD,2021-09-21 16:48:36,14.2,24.6667,86.99,25,29,6.35
475,Ringebu,NO,2021-09-21 16:45:23,61.5167,10.1667,50.18,78,96,2.17
476,Toamasina,MG,2021-09-21 16:48:37,-18.1667,49.3833,71.6,83,20,3.44
477,Amga,RU,2021-09-21 16:48:38,60.8953,131.9608,31.41,92,1,1.95
478,Kanniyakumari,IN,2021-09-21 16:48:38,8.0833,77.5667,80.62,84,4,19.77
479,Asau,RO,2021-09-21 16:48:38,46.4333,26.4,51.96,65,57,2.42
480,Samarai,PG,2021-09-21 16:48:39,-10.6167,150.6667,78.01,85,99,13.18
481,Fruitville,US,2021-09-21 16:45:24,27.3298,-82.4576,91.15,57,52,1.99
482,Chillicothe,US,2021-09-21 16:43:57,39.3331,-82.9824,71.71,98,90,4.0
483,Roblin,CA,2021-09-21 16:48:40,51.23,-101.3565,57.99,43,27,7.0
484,Nalut,LY,2021-09-21 16:48:40,30.3333,10.85,92.34,11,0,9.4
485,Kirakira,SB,2021-09-21 16:48:41,-10.4544,161.9205,77.56,89,26,5.53
486,Kununurra,AU,2021-09-21 16:48:41,-15.7667,128.7333,84.18,18,100,11.5
487,Bacolod,PH,2021-09-21 16:48:42,10.6667,122.95,77.4,86,98,2.48
488,Miandrivazo,MG,2021-09-21 16:48:42,-19.5167,45.4667,79.29,59,21,8.55
489,New Philadelphia,US,2021-09-21 16:48:43,40.4898,-81.4457,70.79,91,90,5.99
490,Leningradskiy,RU,2021-09-21 16:48:43,69.3833,178.4167,22.8,90,100,13.15
491,Lewistown,US,2021-09-21 16:48:44,40.5992,-77.5714,71.91,82,90,4.61
492,Yermakovskoye,RU,2021-09-21 16:48:44,53.2831,92.4003,36.03,77,55,5.28
493,Bambanglipuro,ID,2021-09-21 16:48:45,-7.95,110.2833,75.07,90,100,3.74
494,Ossora,RU,2021-09-21 16:48:45,59.2353,163.0719,48.78,90,100,15.97
495,Price,US,2021-09-21 16:48:46,39.5994,-110.8107,58.12,25,3,4.03
496,Anloga,GH,2021-09-21 16:48:46,5.7947,0.8973,84.42,83,42,16.24
497,Gbadolite,CD,2021-09-21 16:48:47,4.2833,21.0167,69.31,95,76,5.01
498,Winslow,US,2021-09-21 16:48:47,35.0242,-110.6974,68.97,28,0,6.26
499,Hofn,IS,2021-09-21 16:48:47,64.2539,-15.2082,46.81,82,100,55.12
500,Severo-Yeniseyskiy,RU,2021-09-21 16:48:48,60.3725,93.0408,31.32,97,100,5.99
501,Broome,US,2021-09-21 16:48:48,42.2506,-75.833,73.56,64,75,3.0
502,Alta Floresta,BR,2021-09-21 16:48:49,-9.8756,-56.0861,106.57,11,48,4.47
503,Grants Pass,US,2021-09-21 16:48:49,42.439,-123.3284,77.43,57,1,0.0
504,Qixia,CN,2021-09-21 16:48:50,37.2975,120.8256,61.34,89,0,3.38
505,Rapid Valley,US,2021-09-21 16:48:50,44.0625,-103.1463,63.77,43,26,1.99
506,Abha,SA,2021-09-21 16:48:51,18.2164,42.5053,71.42,43,20,11.5
507,Moose Factory,CA,2021-09-21 16:48:51,51.2585,-80.6094,50.0,100,90,13.8
508,Natal,BR,2021-09-21 16:48:52,-5.795,-35.2094,88.02,58,40,14.97
509,Morelia,MX,2021-09-21 16:48:52,19.7008,-101.1844,70.57,69,21,3.87
510,Labuhan,ID,2021-09-21 16:48:53,-6.8844,112.2051,79.74,79,100,6.58
511,Svetlogorsk,BY,2021-09-21 16:48:53,52.6333,29.7333,38.98,97,100,11.61
512,La Ligua,CL,2021-09-21 16:48:54,-32.4524,-71.2311,64.04,59,1,10.56
513,Sinnamary,GF,2021-09-21 16:48:54,5.3833,-52.95,86.86,62,29,10.54
514,The Valley,AI,2021-09-21 16:48:55,18.217,-63.0578,88.11,66,20,13.8
515,Hede,CN,2021-09-21 16:48:55,33.7681,120.2517,69.85,94,0,7.18
516,North Bend,US,2021-09-21 16:48:56,43.4065,-124.2243,66.92,70,18,2.42
517,Drezdenko,PL,2021-09-21 16:48:56,52.8383,15.8308,53.42,68,100,7.9
518,Zhangye,CN,2021-09-21 16:48:57,38.9342,100.4517,67.06,26,100,3.56
519,Lashio,MM,2021-09-21 16:48:57,22.9333,97.75,66.02,99,98,1.57
520,Saint-Pierre,RE,2021-09-21 16:48:57,-21.3393,55.4781,67.68,63,0,8.05
521,Qui Nhon,VN,2021-09-21 16:48:58,13.7667,109.2333,77.81,87,50,3.56
522,Coihaique,CL,2021-09-21 16:48:58,-45.5752,-72.0662,48.31,76,0,8.05
523,Veraval,IN,2021-09-21 16:48:59,20.9,70.3667,81.59,85,100,16.62
524,Lavassaare,EE,2021-09-21 16:48:59,58.5114,24.3889,45.45,98,99,4.97
525,Sur,OM,2021-09-21 16:49:00,22.5667,59.5289,88.45,58,42,9.24
526,Lagoa,PT,2021-09-21 16:49:00,39.05,-27.9833,70.56,75,18,17.31
527,Taltal,CL,2021-09-21 16:49:01,-25.4,-70.4833,61.9,71,83,6.71
528,Ibra,OM,2021-09-21 16:49:01,22.6906,58.5334,90.37,39,71,4.99
529,Iskateley,RU,2021-09-21 16:49:02,67.6803,53.1512,37.99,89,81,7.56
530,Gamboula,CF,2021-09-21 16:49:02,4.1178,15.1393,73.06,91,81,2.64
531,Colac,AU,2021-09-21 16:45:56,-38.3333,143.5833,50.63,97,90,7.74
532,Soteapan,MX,2021-09-21 16:49:03,18.2333,-94.8667,82.92,69,45,4.0
533,Jian,CN,2021-09-21 16:49:03,27.1172,114.9793,74.26,59,0,1.05
534,Gasa,PS,2021-09-21 16:49:04,31.5,34.4667,82.9,65,0,10.29
535,Gallup,US,2021-09-21 16:49:04,35.5281,-108.7426,63.01,19,0,1.99
536,Candido Mendes,BR,2021-09-21 16:49:05,-1.4467,-45.7167,88.63,51,50,10.27
537,Grants,US,2021-09-21 16:45:46,35.1473,-107.8514,61.03,18,1,0.0
538,Puerto Leguizamo,CO,2021-09-21 16:49:06,-0.1934,-74.7819,94.59,43,65,2.39
539,Ponta Delgada,PT,2021-09-21 16:49:06,37.7333,-25.6667,74.12,73,75,12.66
540,Innisfail,AU,2021-09-21 16:49:07,-17.5333,146.0333,64.08,42,24,8.03
541,Ampanihy,MG,2021-09-21 16:49:07,-24.7,44.75,68.88,64,19,8.55
542,Lipin Bor,RU,2021-09-21 16:49:07,60.2622,37.9763,43.41,69,100,9.86
543,Prince Rupert,CA,2021-09-21 16:49:08,54.3161,-130.3201,55.49,91,90,8.05
544,Khakhea,BW,2021-09-21 16:49:08,-24.6895,23.494,69.1,8,0,5.19
545,Vrangel,RU,2021-09-21 16:49:09,42.7297,133.0839,64.17,93,86,10.13
546,Mopipi,BW,2021-09-21 16:49:09,-21.1833,24.8833,85.42,15,2,1.28
547,Lewiston,US,2021-09-21 16:49:10,44.1003,-70.2148,70.81,72,6,3.0
548,Clearwater,US,2021-09-21 16:45:52,27.9659,-82.8001,90.16,72,78,7.0
549,Te Anau,NZ,2021-09-21 16:49:11,-45.4167,167.7167,37.89,93,60,1.99
550,Naszaly,HU,2021-09-21 16:49:11,47.7033,18.2575,61.02,47,24,9.66
551,Half Moon Bay,US,2021-09-21 16:48:56,37.4636,-122.4286,84.88,50,1,5.75
552,Jalu,LY,2021-09-21 16:49:12,29.0331,21.5482,94.5,13,0,9.84
553,Cabo San Lucas,MX,2021-09-21 16:49:12,22.8909,-109.9124,86.61,76,94,1.99
554,Faya,SA,2021-09-21 16:49:13,18.3851,42.4509,71.71,43,87,8.16
555,Naousa,GR,2021-09-21 16:49:13,40.6329,22.0534,77.41,61,43,4.03
556,Grua,NO,2021-09-21 16:49:14,60.2667,10.6667,54.18,79,98,3.24
